batch_number,sample_code,sample_point,position,layer,sampled_at,received_at,instrument,algorithm_version,measured_at,bin_size_um,volume_fraction,cumulative_fraction,d10_um,d50_um,d90_um,mean_um
B-20260930-MILK-A,PRE-0909,LINE-A-BEFORE,BEFORE,BULK,2026-09-30T09:09:00Z,2026-09-30T09:31:00Z,PSA-900,PSD-1.0,2026-09-30T09:20:00Z,0.5,0.10,0.10,0.8,1.9,4.4,2.2
B-20260930-MILK-A,PRE-0909,LINE-A-BEFORE,BEFORE,BULK,2026-09-30T09:09:00Z,2026-09-30T09:31:00Z,PSA-900,PSD-1.0,2026-09-30T09:20:00Z,1.0,0.32,0.42,0.8,1.9,4.4,2.2
B-20260930-MILK-A,PRE-0909,LINE-A-BEFORE,BEFORE,BULK,2026-09-30T09:09:00Z,2026-09-30T09:31:00Z,PSA-900,PSD-1.0,2026-09-30T09:20:00Z,2.0,0.42,0.84,0.8,1.9,4.4,2.2
B-20260930-MILK-A,PRE-0909,LINE-A-BEFORE,BEFORE,BULK,2026-09-30T09:09:00Z,2026-09-30T09:31:00Z,PSA-900,PSD-1.0,2026-09-30T09:20:00Z,4.0,0.16,1.00,0.8,1.9,4.4,2.2
B-20260930-MILK-A,POST-0911-A,LINE-A-AFTER,AFTER,BULK,2026-09-30T09:11:00Z,2026-09-30T09:35:00Z,PSA-900,PSD-1.0,2026-09-30T09:21:00Z,0.5,0.18,0.18,0.5,1.1,2.8,1.4
B-20260930-MILK-A,POST-0911-A,LINE-A-AFTER,AFTER,BULK,2026-09-30T09:11:00Z,2026-09-30T09:35:00Z,PSA-900,PSD-1.0,2026-09-30T09:21:00Z,1.0,0.45,0.63,0.5,1.1,2.8,1.4
B-20260930-MILK-A,POST-0911-A,LINE-A-AFTER,AFTER,BULK,2026-09-30T09:11:00Z,2026-09-30T09:35:00Z,PSA-900,PSD-1.0,2026-09-30T09:21:00Z,2.0,0.30,0.93,0.5,1.1,2.8,1.4
B-20260930-MILK-A,POST-0911-A,LINE-A-AFTER,AFTER,BULK,2026-09-30T09:11:00Z,2026-09-30T09:35:00Z,PSA-900,PSD-1.0,2026-09-30T09:21:00Z,4.0,0.07,1.00,0.5,1.1,2.8,1.4
B-20260930-MILK-A,POST-0912-B,LINE-A-AFTER,AFTER,BULK,2026-09-30T09:12:00Z,2026-09-30T09:38:00Z,PSA-900,PSD-1.0,2026-09-30T09:22:00Z,0.5,0.16,0.16,0.5,1.15,2.9,1.45
B-20260930-MILK-A,POST-0912-B,LINE-A-AFTER,AFTER,BULK,2026-09-30T09:12:00Z,2026-09-30T09:38:00Z,PSA-900,PSD-1.0,2026-09-30T09:22:00Z,1.0,0.43,0.59,0.5,1.15,2.9,1.45
B-20260930-MILK-A,POST-0912-B,LINE-A-AFTER,AFTER,BULK,2026-09-30T09:12:00Z,2026-09-30T09:38:00Z,PSA-900,PSD-1.0,2026-09-30T09:22:00Z,2.0,0.32,0.91,0.5,1.15,2.9,1.45
B-20260930-MILK-A,POST-0912-B,LINE-A-AFTER,AFTER,BULK,2026-09-30T09:12:00Z,2026-09-30T09:38:00Z,PSA-900,PSD-1.0,2026-09-30T09:22:00Z,4.0,0.09,1.00,0.5,1.15,2.9,1.45
